"filename", "language", "Markdown", "MS SQL", "C#", "JSON", "Python", "PowerShell", "XML", "Properties", "comment", "blank", "total"
"c:\Users\Humam\OneDrive\Documents\Classified-db-v2\Archieve\ClassifiedTablesSQL-Server.sql", "MS SQL", 0, 119, 0, 0, 0, 0, 0, 0, 57, 90, 266
"c:\Users\Humam\OneDrive\Documents\Classified-db-v2\Archieve\archieve_sql.sql", "MS SQL", 0, 499, 0, 0, 0, 0, 0, 0, 198, 143, 840
"c:\Users\Humam\OneDrive\Documents\Classified-db-v2\Categories\Generate-CategoryDtoMapper.ps1", "PowerShell", 0, 0, 0, 0, 0, 124, 0, 0, 8, 29, 161
"c:\Users\Humam\OneDrive\Documents\Classified-db-v2\Categories\transform-categories.ps1", "PowerShell", 0, 0, 0, 0, 0, 76, 0, 0, 14, 24, 114
"c:\Users\Humam\OneDrive\Documents\Classified-db-v2\MongoDB Documents\AdsClassificationAttributes\Electronics\gaming_console_example.json", "JSON", 0, 0, 0, 40, 0, 0, 0, 0, 29, 7, 76
"c:\Users\Humam\OneDrive\Documents\Classified-db-v2\MongoDB Documents\AdsClassificationAttributes\Electronics\general_electronic_example.json", "JSON", 0, 0, 0, 35, 0, 0, 0, 0, 4, 5, 44
"c:\Users\Humam\OneDrive\Documents\Classified-db-v2\MongoDB Documents\AdsClassificationAttributes\Electronics\laptop_only_example.json", "JSON", 0, 0, 0, 66, 0, 0, 0, 0, 81, 2, 149
"c:\Users\Humam\OneDrive\Documents\Classified-db-v2\MongoDB Documents\AdsClassificationAttributes\Electronics\pc-build_example.json", "JSON", 0, 0, 0, 55, 0, 0, 0, 0, 52, 2, 109
"c:\Users\Humam\OneDrive\Documents\Classified-db-v2\MongoDB Documents\AdsClassificationAttributes\Electronics\phone_tablet_example.json", "JSON", 0, 0, 0, 62, 0, 0, 0, 0, 123, 2, 187
"c:\Users\Humam\OneDrive\Documents\Classified-db-v2\MongoDB Documents\AdsClassificationAttributes\Electronics\tv_monitor_example.json", "JSON", 0, 0, 0, 55, 0, 0, 0, 0, 86, 1, 142
"c:\Users\Humam\OneDrive\Documents\Classified-db-v2\MongoDB Documents\AdsClassificationAttributes\Jobs-Services\cv_example.json", "JSON", 0, 0, 0, 91, 0, 0, 0, 0, 115, 0, 206
"c:\Users\Humam\OneDrive\Documents\Classified-db-v2\MongoDB Documents\AdsClassificationAttributes\Jobs-Services\service_example.json", "JSON", 0, 0, 0, 96, 0, 0, 0, 0, 66, 0, 162
"c:\Users\Humam\OneDrive\Documents\Classified-db-v2\MongoDB Documents\AdsClassificationAttributes\Jobs-Services\vacancy_example.json", "JSON", 0, 0, 0, 39, 0, 0, 0, 0, 85, 6, 130
"c:\Users\Humam\OneDrive\Documents\Classified-db-v2\MongoDB Documents\AdsClassificationAttributes\Miscellaneous\book_example.json", "JSON", 0, 0, 0, 46, 0, 0, 0, 0, 29, 0, 75
"c:\Users\Humam\OneDrive\Documents\Classified-db-v2\MongoDB Documents\AdsClassificationAttributes\Miscellaneous\cloth_example.json", "JSON", 0, 0, 0, 47, 0, 0, 0, 0, 58, 0, 105
"c:\Users\Humam\OneDrive\Documents\Classified-db-v2\MongoDB Documents\AdsClassificationAttributes\Miscellaneous\engine-oil_example.json", "JSON", 0, 0, 0, 46, 0, 0, 0, 0, 105, 0, 151
"c:\Users\Humam\OneDrive\Documents\Classified-db-v2\MongoDB Documents\AdsClassificationAttributes\Miscellaneous\furniture_example.json", "JSON", 0, 0, 0, 48, 0, 0, 0, 0, 33, 0, 81
"c:\Users\Humam\OneDrive\Documents\Classified-db-v2\MongoDB Documents\AdsClassificationAttributes\Miscellaneous\plant_example.json", "JSON", 0, 0, 0, 46, 0, 0, 0, 0, 17, 0, 63
"c:\Users\Humam\OneDrive\Documents\Classified-db-v2\MongoDB Documents\AdsClassificationAttributes\Miscellaneous\shoe_example.json", "JSON", 0, 0, 0, 35, 0, 0, 0, 0, 4, 6, 45
"c:\Users\Humam\OneDrive\Documents\Classified-db-v2\MongoDB Documents\AdsClassificationAttributes\Miscellaneous\tire-wheel_example.json", "JSON", 0, 0, 0, 36, 0, 0, 0, 0, 7, 6, 49
"c:\Users\Humam\OneDrive\Documents\Classified-db-v2\MongoDB Documents\AdsClassificationAttributes\Miscellaneous\video-game_example.json", "JSON", 0, 0, 0, 35, 0, 0, 0, 0, 25, 7, 67
"c:\Users\Humam\OneDrive\Documents\Classified-db-v2\MongoDB Documents\AdsClassificationAttributes\Real Estate\apartment_example.json", "JSON", 0, 0, 0, 40, 0, 0, 0, 0, 19, 6, 65
"c:\Users\Humam\OneDrive\Documents\Classified-db-v2\MongoDB Documents\AdsClassificationAttributes\Real Estate\construction-project_example.json", "JSON", 0, 0, 0, 48, 0, 0, 0, 0, 18, 1, 67
"c:\Users\Humam\OneDrive\Documents\Classified-db-v2\MongoDB Documents\AdsClassificationAttributes\Real Estate\general_real-estate_example.json", "JSON", 0, 0, 0, 34, 0, 0, 0, 0, 3, 5, 42
"c:\Users\Humam\OneDrive\Documents\Classified-db-v2\MongoDB Documents\AdsClassificationAttributes\Real Estate\house_example.json", "JSON", 0, 0, 0, 52, 0, 0, 0, 0, 30, 2, 84
"c:\Users\Humam\OneDrive\Documents\Classified-db-v2\MongoDB Documents\AdsClassificationAttributes\Vehicles\Heavy Equipment\bulldozer_example.json", "JSON", 0, 0, 0, 45, 0, 0, 0, 0, 5, 9, 59
"c:\Users\Humam\OneDrive\Documents\Classified-db-v2\MongoDB Documents\AdsClassificationAttributes\Vehicles\Heavy Equipment\bus_example.json", "JSON", 0, 0, 0, 43, 0, 0, 0, 0, 3, 5, 51
"c:\Users\Humam\OneDrive\Documents\Classified-db-v2\MongoDB Documents\AdsClassificationAttributes\Vehicles\Heavy Equipment\crane_example.json", "JSON", 0, 0, 0, 46, 0, 0, 0, 0, 6, 5, 57
"c:\Users\Humam\OneDrive\Documents\Classified-db-v2\MongoDB Documents\AdsClassificationAttributes\Vehicles\Heavy Equipment\excavator_example.json", "JSON", 0, 0, 0, 55, 0, 0, 0, 0, 4, 1, 60
"c:\Users\Humam\OneDrive\Documents\Classified-db-v2\MongoDB Documents\AdsClassificationAttributes\Vehicles\Heavy Equipment\general_heavy-equipment_example.json", "JSON", 0, 0, 0, 40, 0, 0, 0, 0, 4, 5, 49
"c:\Users\Humam\OneDrive\Documents\Classified-db-v2\MongoDB Documents\AdsClassificationAttributes\Vehicles\boat_example.json", "JSON", 0, 0, 0, 51, 0, 0, 0, 0, 8, 3, 62
"c:\Users\Humam\OneDrive\Documents\Classified-db-v2\MongoDB Documents\AdsClassificationAttributes\Vehicles\car_example.json", "JSON", 0, 0, 0, 57, 0, 0, 0, 0, 43, 3, 103
"c:\Users\Humam\OneDrive\Documents\Classified-db-v2\MongoDB Documents\AdsClassificationAttributes\Vehicles\general_transport_example.json", "JSON", 0, 0, 0, 36, 0, 0, 0, 0, 5, 6, 47
"c:\Users\Humam\OneDrive\Documents\Classified-db-v2\MongoDB Documents\AdsClassificationAttributes\Vehicles\motorcycle_example.json", "JSON", 0, 0, 0, 52, 0, 0, 0, 0, 23, 1, 76
"c:\Users\Humam\OneDrive\Documents\Classified-db-v2\MongoDB Documents\AdsClassificationAttributes\Vehicles\truck_example.json", "JSON", 0, 0, 0, 42, 0, 0, 0, 0, 6, 7, 55
"c:\Users\Humam\OneDrive\Documents\Classified-db-v2\MongoDB Documents\AdsClassificationAttributes\common-fileds-data-type.json", "JSON", 0, 0, 0, 36, 0, 0, 0, 0, 6, 10, 52
"c:\Users\Humam\OneDrive\Documents\Classified-db-v2\MongoDB Documents\ChatSystem\README.md", "Markdown", 58, 0, 0, 0, 0, 0, 0, 0, 0, 12, 70
"c:\Users\Humam\OneDrive\Documents\Classified-db-v2\MongoDB Documents\ChatSystem\conversation.json", "JSON", 0, 0, 0, 37, 0, 0, 0, 0, 17, 10, 64
"c:\Users\Humam\OneDrive\Documents\Classified-db-v2\MongoDB Documents\ChatSystem\indexes.json", "JSON", 0, 0, 0, 11, 0, 0, 0, 0, 3, 2, 16
"c:\Users\Humam\OneDrive\Documents\Classified-db-v2\MongoDB Documents\ChatSystem\message.json", "JSON", 0, 0, 0, 8, 0, 0, 0, 0, 3, 1, 12
"c:\Users\Humam\OneDrive\Documents\Classified-db-v2\MongoDB Documents\Sort&Exchange\exchange_rates.json", "JSON", 0, 0, 0, 27, 0, 0, 0, 0, 0, 0, 27
"c:\Users\Humam\OneDrive\Documents\Classified-db-v2\MongoDB Documents\Sort&Exchange\price_sorting_queries.json", "JSON", 0, 0, 0, 117, 0, 0, 0, 0, 0, 0, 117
"c:\Users\Humam\OneDrive\Documents\Classified-db-v2\Notes\MongoDB-Inheritance-Pattern-Summary.md", "Markdown", 487, 0, 0, 0, 0, 0, 0, 0, 0, 126, 613
"c:\Users\Humam\OneDrive\Documents\Classified-db-v2\Notes\Vacancy & CV Posting Workflow.md", "Markdown", 24, 0, 0, 0, 0, 0, 0, 0, 0, 4, 28
"c:\Users\Humam\OneDrive\Documents\Classified-db-v2\Notes\baseUrl.cs", "C#", 0, 0, 3, 0, 0, 0, 0, 0, 1, 2, 6
"c:\Users\Humam\OneDrive\Documents\Classified-db-v2\Notes\endpoints_only.md", "Markdown", 57, 0, 0, 0, 0, 0, 0, 0, 0, 22, 79
"c:\Users\Humam\OneDrive\Documents\Classified-db-v2\Notes\enumSystem\DOCUMENTATION.md", "Markdown", 334, 0, 0, 0, 0, 0, 0, 0, 0, 88, 422
"c:\Users\Humam\OneDrive\Documents\Classified-db-v2\Notes\enumSystem\MultilingualEnumHandler.cs", "C#", 0, 0, 297, 0, 0, 0, 0, 0, 46, 55, 398
"c:\Users\Humam\OneDrive\Documents\Classified-db-v2\Notes\logisticRegression.md", "Markdown", 10, 0, 0, 0, 0, 0, 0, 0, 0, 2, 12
"c:\Users\Humam\OneDrive\Documents\Classified-db-v2\Notes\query_params_enumnation.cs", "C#", 0, 0, 250, 0, 0, 0, 0, 0, 29, 47, 326
"c:\Users\Humam\OneDrive\Documents\Classified-db-v2\Notes\rateLimiter.md", "Markdown", 33, 0, 0, 0, 0, 0, 0, 0, 0, 7, 40
"c:\Users\Humam\OneDrive\Documents\Classified-db-v2\Notes\takepoints.md", "Markdown", 11, 0, 0, 0, 0, 0, 0, 0, 0, 10, 21
"c:\Users\Humam\OneDrive\Documents\Classified-db-v2\SQL\Inserting-data\category_generator.py", "Python", 0, 0, 0, 0, 363, 0, 0, 0, 39, 112, 514
"c:\Users\Humam\OneDrive\Documents\Classified-db-v2\SQL\Inserting-data\category_inserts.sql", "MS SQL", 0, 1458, 0, 0, 0, 0, 0, 0, 34, 114, 1606
"c:\Users\Humam\OneDrive\Documents\Classified-db-v2\SQL\Tables.sql", "MS SQL", 0, 118, 0, 0, 0, 0, 0, 0, 60, 59, 237
"c:\Users\Humam\OneDrive\Documents\Classified-db-v2\SQL\data-inserting-example.sql", "MS SQL", 0, 35, 0, 0, 0, 0, 0, 0, 2, 10, 47
"c:\Users\Humam\OneDrive\Documents\Classified-db-v2\backend\ENUM_UPDATE_STATUS.md", "Markdown", 56, 0, 0, 0, 0, 0, 0, 0, 0, 13, 69
"c:\Users\Humam\OneDrive\Documents\Classified-db-v2\backend\src\ClassifiedAds.Api\ClassifiedAds.Api.csproj", "XML", 0, 0, 0, 0, 0, 0, 19, 0, 0, 5, 24
"c:\Users\Humam\OneDrive\Documents\Classified-db-v2\backend\src\ClassifiedAds.Api\Controllers\DynamicAdsController.cs", "C#", 0, 0, 177, 0, 0, 0, 0, 0, 34, 22, 233
"c:\Users\Humam\OneDrive\Documents\Classified-db-v2\backend\src\ClassifiedAds.Api\Examples\AdPatch.md", "Markdown", 13, 0, 0, 0, 0, 0, 0, 0, 0, 1, 14
"c:\Users\Humam\OneDrive\Documents\Classified-db-v2\backend\src\ClassifiedAds.Api\Examples\AdPost.md", "Markdown", 14, 0, 0, 0, 0, 0, 0, 0, 0, 1, 15
"c:\Users\Humam\OneDrive\Documents\Classified-db-v2\backend\src\ClassifiedAds.Api\Examples\Miscellaneous\BookAd\BookAdPatch.md", "Markdown", 15, 0, 0, 0, 0, 0, 0, 0, 0, 2, 17
"c:\Users\Humam\OneDrive\Documents\Classified-db-v2\backend\src\ClassifiedAds.Api\Examples\Miscellaneous\BookAd\BookAdPost.md", "Markdown", 15, 0, 0, 0, 0, 0, 0, 0, 0, 2, 17
"c:\Users\Humam\OneDrive\Documents\Classified-db-v2\backend\src\ClassifiedAds.Api\Examples\Vehicles\HeavyEquipment\CraneAd\CraneAdPost.md", "Markdown", 23, 0, 0, 0, 0, 0, 0, 0, 0, 2, 25
"c:\Users\Humam\OneDrive\Documents\Classified-db-v2\backend\src\ClassifiedAds.Api\Middleware\LanguageMiddleware.cs", "C#", 0, 0, 33, 0, 0, 0, 0, 0, 0, 8, 41
"c:\Users\Humam\OneDrive\Documents\Classified-db-v2\backend\src\ClassifiedAds.Api\Program.cs", "C#", 0, 0, 66, 0, 0, 0, 0, 0, 9, 20, 95
"c:\Users\Humam\OneDrive\Documents\Classified-db-v2\backend\src\ClassifiedAds.Api\Properties\launchSettings.json", "JSON", 0, 0, 0, 23, 0, 0, 0, 0, 0, 1, 24
"c:\Users\Humam\OneDrive\Documents\Classified-db-v2\backend\src\ClassifiedAds.Api\README_API_IMPLEMENTATION.md", "Markdown", 209, 0, 0, 0, 0, 0, 0, 0, 0, 58, 267
"c:\Users\Humam\OneDrive\Documents\Classified-db-v2\backend\src\ClassifiedAds.Api\appsettings.Development.json", "JSON", 0, 0, 0, 8, 0, 0, 0, 0, 0, 1, 9
"c:\Users\Humam\OneDrive\Documents\Classified-db-v2\backend\src\ClassifiedAds.Api\appsettings.json", "JSON", 0, 0, 0, 21, 0, 0, 0, 0, 0, 1, 22
"c:\Users\Humam\OneDrive\Documents\Classified-db-v2\backend\src\ClassifiedAds.Api\bin\Debug\net9.0\ClassifiedAds.Api.deps.json", "JSON", 0, 0, 0, 730, 0, 0, 0, 0, 0, 0, 730
"c:\Users\Humam\OneDrive\Documents\Classified-db-v2\backend\src\ClassifiedAds.Api\bin\Debug\net9.0\ClassifiedAds.Api.runtimeconfig.json", "JSON", 0, 0, 0, 20, 0, 0, 0, 0, 0, 0, 20
"c:\Users\Humam\OneDrive\Documents\Classified-db-v2\backend\src\ClassifiedAds.Api\bin\Debug\net9.0\ClassifiedAds.Api.staticwebassets.endpoints.json", "JSON", 0, 0, 0, 1, 0, 0, 0, 0, 0, 0, 1
"c:\Users\Humam\OneDrive\Documents\Classified-db-v2\backend\src\ClassifiedAds.Api\bin\Debug\net9.0\ClassifiedAds.Api.staticwebassets.runtime.json", "JSON", 0, 0, 0, 1, 0, 0, 0, 0, 0, 0, 1
"c:\Users\Humam\OneDrive\Documents\Classified-db-v2\backend\src\ClassifiedAds.Api\bin\Debug\net9.0\ClassifiedAds.Api.xml", "XML", 0, 0, 0, 0, 0, 0, 39, 0, 0, 3, 42
"c:\Users\Humam\OneDrive\Documents\Classified-db-v2\backend\src\ClassifiedAds.Api\bin\Debug\net9.0\appsettings.Development.json", "JSON", 0, 0, 0, 8, 0, 0, 0, 0, 0, 1, 9
"c:\Users\Humam\OneDrive\Documents\Classified-db-v2\backend\src\ClassifiedAds.Api\bin\Debug\net9.0\appsettings.json", "JSON", 0, 0, 0, 21, 0, 0, 0, 0, 0, 1, 22
"c:\Users\Humam\OneDrive\Documents\Classified-db-v2\backend\src\ClassifiedAds.Api\obj\ClassifiedAds.Api.csproj.nuget.dgspec.json", "JSON", 0, 0, 0, 352, 0, 0, 0, 0, 0, 0, 352
"c:\Users\Humam\OneDrive\Documents\Classified-db-v2\backend\src\ClassifiedAds.Api\obj\ClassifiedAds.Api.csproj.nuget.g.props", "XML", 0, 0, 0, 0, 0, 0, 24, 0, 0, 0, 24
"c:\Users\Humam\OneDrive\Documents\Classified-db-v2\backend\src\ClassifiedAds.Api\obj\ClassifiedAds.Api.csproj.nuget.g.targets", "XML", 0, 0, 0, 0, 0, 0, 8, 0, 0, 0, 8
"c:\Users\Humam\OneDrive\Documents\Classified-db-v2\backend\src\ClassifiedAds.Api\obj\Debug\net9.0\.NETCoreApp,Version=v9.0.AssemblyAttributes.cs", "C#", 0, 0, 3, 0, 0, 0, 0, 0, 1, 1, 5
"c:\Users\Humam\OneDrive\Documents\Classified-db-v2\backend\src\ClassifiedAds.Api\obj\Debug\net9.0\ClassifiedAds.Api.AssemblyInfo.cs", "C#", 0, 0, 9, 0, 0, 0, 0, 0, 9, 5, 23
"c:\Users\Humam\OneDrive\Documents\Classified-db-v2\backend\src\ClassifiedAds.Api\obj\Debug\net9.0\ClassifiedAds.Api.GeneratedMSBuildEditorConfig.editorconfig", "Properties", 0, 0, 0, 0, 0, 0, 0, 21, 0, 1, 22
"c:\Users\Humam\OneDrive\Documents\Classified-db-v2\backend\src\ClassifiedAds.Api\obj\Debug\net9.0\ClassifiedAds.Api.GlobalUsings.g.cs", "C#", 0, 0, 16, 0, 0, 0, 0, 0, 1, 1, 18
"c:\Users\Humam\OneDrive\Documents\Classified-db-v2\backend\src\ClassifiedAds.Api\obj\Debug\net9.0\ClassifiedAds.Api.MvcApplicationPartsAssemblyInfo.cs", "C#", 0, 0, 6, 0, 0, 0, 0, 0, 9, 5, 20
"c:\Users\Humam\OneDrive\Documents\Classified-db-v2\backend\src\ClassifiedAds.Api\obj\Debug\net9.0\ClassifiedAds.Api.sourcelink.json", "JSON", 0, 0, 0, 1, 0, 0, 0, 0, 0, 0, 1
"c:\Users\Humam\OneDrive\Documents\Classified-db-v2\backend\src\ClassifiedAds.Api\obj\Debug\net9.0\ClassifiedAds.Api.xml", "XML", 0, 0, 0, 0, 0, 0, 39, 0, 0, 3, 42
"c:\Users\Humam\OneDrive\Documents\Classified-db-v2\backend\src\ClassifiedAds.Api\obj\Debug\net9.0\rjimswa.dswa.cache.json", "JSON", 0, 0, 0, 1, 0, 0, 0, 0, 0, 0, 1
"c:\Users\Humam\OneDrive\Documents\Classified-db-v2\backend\src\ClassifiedAds.Api\obj\Debug\net9.0\rjsmcshtml.dswa.cache.json", "JSON", 0, 0, 0, 1, 0, 0, 0, 0, 0, 0, 1
"c:\Users\Humam\OneDrive\Documents\Classified-db-v2\backend\src\ClassifiedAds.Api\obj\Debug\net9.0\rjsmrazor.dswa.cache.json", "JSON", 0, 0, 0, 1, 0, 0, 0, 0, 0, 0, 1
"c:\Users\Humam\OneDrive\Documents\Classified-db-v2\backend\src\ClassifiedAds.Api\obj\Debug\net9.0\rpswa.dswa.cache.json", "JSON", 0, 0, 0, 1, 0, 0, 0, 0, 0, 0, 1
"c:\Users\Humam\OneDrive\Documents\Classified-db-v2\backend\src\ClassifiedAds.Api\obj\Debug\net9.0\staticwebassets.build.endpoints.json", "JSON", 0, 0, 0, 1, 0, 0, 0, 0, 0, 0, 1
"c:\Users\Humam\OneDrive\Documents\Classified-db-v2\backend\src\ClassifiedAds.Api\obj\Debug\net9.0\staticwebassets.build.json", "JSON", 0, 0, 0, 1, 0, 0, 0, 0, 0, 0, 1
"c:\Users\Humam\OneDrive\Documents\Classified-db-v2\backend\src\ClassifiedAds.Api\obj\Debug\net9.0\staticwebassets.development.json", "JSON", 0, 0, 0, 1, 0, 0, 0, 0, 0, 0, 1
"c:\Users\Humam\OneDrive\Documents\Classified-db-v2\backend\src\ClassifiedAds.Api\obj\Release\net9.0\.NETCoreApp,Version=v9.0.AssemblyAttributes.cs", "C#", 0, 0, 3, 0, 0, 0, 0, 0, 1, 1, 5
"c:\Users\Humam\OneDrive\Documents\Classified-db-v2\backend\src\ClassifiedAds.Api\obj\Release\net9.0\ClassifiedAds.Api.AssemblyInfo.cs", "C#", 0, 0, 9, 0, 0, 0, 0, 0, 10, 5, 24
"c:\Users\Humam\OneDrive\Documents\Classified-db-v2\backend\src\ClassifiedAds.Api\obj\Release\net9.0\ClassifiedAds.Api.GeneratedMSBuildEditorConfig.editorconfig", "Properties", 0, 0, 0, 0, 0, 0, 0, 21, 0, 1, 22
"c:\Users\Humam\OneDrive\Documents\Classified-db-v2\backend\src\ClassifiedAds.Api\obj\Release\net9.0\ClassifiedAds.Api.GlobalUsings.g.cs", "C#", 0, 0, 16, 0, 0, 0, 0, 0, 1, 1, 18
"c:\Users\Humam\OneDrive\Documents\Classified-db-v2\backend\src\ClassifiedAds.Api\obj\project.assets.json", "JSON", 0, 0, 0, 2085, 0, 0, 0, 0, 0, 0, 2085
"c:\Users\Humam\OneDrive\Documents\Classified-db-v2\backend\src\ClassifiedAds.Application\ClassifiedAds.Application.csproj", "XML", 0, 0, 0, 0, 0, 0, 18, 0, 0, 6, 24
"c:\Users\Humam\OneDrive\Documents\Classified-db-v2\backend\src\ClassifiedAds.Application\Common\EnumQueryStringHelper.cs", "C#", 0, 0, 96, 0, 0, 0, 0, 0, 22, 19, 137
"c:\Users\Humam\OneDrive\Documents\Classified-db-v2\backend\src\ClassifiedAds.Application\Common\LanguageContext.cs", "C#", 0, 0, 12, 0, 0, 0, 0, 0, 0, 4, 16
"c:\Users\Humam\OneDrive\Documents\Classified-db-v2\backend\src\ClassifiedAds.Application\Common\README_MULTILINGUAL_QUERY-PARAMS.md", "Markdown", 179, 0, 0, 0, 0, 0, 0, 0, 0, 51, 230
"c:\Users\Humam\OneDrive\Documents\Classified-db-v2\backend\src\ClassifiedAds.Application\DTOs\Ads\AdDto.cs", "C#", 0, 0, 17, 0, 0, 0, 0, 0, 7, 7, 31
"c:\Users\Humam\OneDrive\Documents\Classified-db-v2\backend\src\ClassifiedAds.Application\DTOs\Ads\Electronics\ComputerAdDto.cs", "C#", 0, 0, 16, 0, 0, 0, 0, 0, 1, 4, 21
"c:\Users\Humam\OneDrive\Documents\Classified-db-v2\backend\src\ClassifiedAds.Application\DTOs\Ads\Electronics\ElectronicAdDto.cs", "C#", 0, 0, 10, 0, 0, 0, 0, 0, 1, 4, 15
"c:\Users\Humam\OneDrive\Documents\Classified-db-v2\backend\src\ClassifiedAds.Application\DTOs\Ads\Electronics\HandheldDeviceAdDto.cs", "C#", 0, 0, 23, 0, 0, 0, 0, 0, 1, 4, 28
"c:\Users\Humam\OneDrive\Documents\Classified-db-v2\backend\src\ClassifiedAds.Application\DTOs\Ads\Electronics\LaptopAdDto.cs", "C#", 0, 0, 25, 0, 0, 0, 0, 0, 1, 4, 30
"c:\Users\Humam\OneDrive\Documents\Classified-db-v2\backend\src\ClassifiedAds.Application\DTOs\Ads\Electronics\TvMonitorAdDto.cs", "C#", 0, 0, 16, 0, 0, 0, 0, 0, 1, 4, 21
"c:\Users\Humam\OneDrive\Documents\Classified-db-v2\backend\src\ClassifiedAds.Application\DTOs\Ads\Electronics\VideoConsoleAdDto.cs", "C#", 0, 0, 11, 0, 0, 0, 0, 0, 1, 4, 16
"c:\Users\Humam\OneDrive\Documents\Classified-db-v2\backend\src\ClassifiedAds.Application\DTOs\Ads\Jobs\Cv\CvAdDto.cs", "C#", 0, 0, 15, 0, 0, 0, 0, 0, 0, 3, 18
"c:\Users\Humam\OneDrive\Documents\Classified-db-v2\backend\src\ClassifiedAds.Application\DTOs\Ads\Jobs\Cv\EducationDto.cs", "C#", 0, 0, 10, 0, 0, 0, 0, 0, 0, 3, 13
"c:\Users\Humam\OneDrive\Documents\Classified-db-v2\backend\src\ClassifiedAds.Application\DTOs\Ads\Jobs\Cv\ExperienceDto.cs", "C#", 0, 0, 8, 0, 0, 0, 0, 0, 0, 2, 10
"c:\Users\Humam\OneDrive\Documents\Classified-db-v2\backend\src\ClassifiedAds.Application\DTOs\Ads\Jobs\Cv\LanguageDto.cs", "C#", 0, 0, 7, 0, 0, 0, 0, 0, 0, 3, 10
"c:\Users\Humam\OneDrive\Documents\Classified-db-v2\backend\src\ClassifiedAds.Application\DTOs\Ads\Jobs\Service\DailyAvailabilityDto.cs", "C#", 0, 0, 10, 0, 0, 0, 0, 0, 0, 3, 13
"c:\Users\Humam\OneDrive\Documents\Classified-db-v2\backend\src\ClassifiedAds.Application\DTOs\Ads\Jobs\Service\ServiceAdDto.cs", "C#", 0, 0, 7, 0, 0, 0, 0, 0, 0, 3, 10
"c:\Users\Humam\OneDrive\Documents\Classified-db-v2\backend\src\ClassifiedAds.Application\DTOs\Ads\Jobs\Service\TimeSlotDto.cs", "C#", 0, 0, 6, 0, 0, 0, 0, 0, 0, 2, 8
"c:\Users\Humam\OneDrive\Documents\Classified-db-v2\backend\src\ClassifiedAds.Application\DTOs\Ads\Jobs\VacancyAdDto.cs", "C#", 0, 0, 11, 0, 0, 0, 0, 0, 0, 3, 14
"c:\Users\Humam\OneDrive\Documents\Classified-db-v2\backend\src\ClassifiedAds.Application\DTOs\Ads\Miscellaneous\BookAdDto.cs", "C#", 0, 0, 10, 0, 0, 0, 0, 0, 1, 3, 14
"c:\Users\Humam\OneDrive\Documents\Classified-db-v2\backend\src\ClassifiedAds.Application\DTOs\Ads\Miscellaneous\ClothAdDto.cs", "C#", 0, 0, 11, 0, 0, 0, 0, 0, 1, 4, 16
"c:\Users\Humam\OneDrive\Documents\Classified-db-v2\backend\src\ClassifiedAds.Application\DTOs\Ads\Miscellaneous\EngineOilAdDto.cs", "C#", 0, 0, 11, 0, 0, 0, 0, 0, 1, 4, 16
"c:\Users\Humam\OneDrive\Documents\Classified-db-v2\backend\src\ClassifiedAds.Application\DTOs\Ads\Miscellaneous\FurnitureAdDto.cs", "C#", 0, 0, 12, 0, 0, 0, 0, 0, 1, 4, 17
"c:\Users\Humam\OneDrive\Documents\Classified-db-v2\backend\src\ClassifiedAds.Application\DTOs\Ads\Miscellaneous\PlantAdDto.cs", "C#", 0, 0, 10, 0, 0, 0, 0, 0, 1, 4, 15
"c:\Users\Humam\OneDrive\Documents\Classified-db-v2\backend\src\ClassifiedAds.Application\DTOs\Ads\Miscellaneous\ShoeAdDto.cs", "C#", 0, 0, 10, 0, 0, 0, 0, 0, 1, 4, 15
"c:\Users\Humam\OneDrive\Documents\Classified-db-v2\backend\src\ClassifiedAds.Application\DTOs\Ads\Miscellaneous\TireWheelAdDto.cs", "C#", 0, 0, 10, 0, 0, 0, 0, 0, 1, 3, 14
"c:\Users\Humam\OneDrive\Documents\Classified-db-v2\backend\src\ClassifiedAds.Application\DTOs\Ads\Miscellaneous\VideoGameAdDto.cs", "C#", 0, 0, 10, 0, 0, 0, 0, 0, 1, 4, 15
"c:\Users\Humam\OneDrive\Documents\Classified-db-v2\backend\src\ClassifiedAds.Application\DTOs\Ads\RealEstate\ApartmentAdDto.cs", "C#", 0, 0, 13, 0, 0, 0, 0, 0, 1, 4, 18
"c:\Users\Humam\OneDrive\Documents\Classified-db-v2\backend\src\ClassifiedAds.Application\DTOs\Ads\RealEstate\ConstructionProjectAdDto.cs", "C#", 0, 0, 9, 0, 0, 0, 0, 0, 1, 4, 14
"c:\Users\Humam\OneDrive\Documents\Classified-db-v2\backend\src\ClassifiedAds.Application\DTOs\Ads\RealEstate\HouseAdDto.cs", "C#", 0, 0, 13, 0, 0, 0, 0, 0, 1, 4, 18
"c:\Users\Humam\OneDrive\Documents\Classified-db-v2\backend\src\ClassifiedAds.Application\DTOs\Ads\RealEstate\RealEstateAdDto.cs", "C#", 0, 0, 8, 0, 0, 0, 0, 0, 1, 3, 12
"c:\Users\Humam\OneDrive\Documents\Classified-db-v2\backend\src\ClassifiedAds.Application\DTOs\Ads\Vehicles\BoatAdDto.cs", "C#", 0, 0, 9, 0, 0, 0, 0, 0, 1, 3, 13
"c:\Users\Humam\OneDrive\Documents\Classified-db-v2\backend\src\ClassifiedAds.Application\DTOs\Ads\Vehicles\CarAdDto.cs", "C#", 0, 0, 16, 0, 0, 0, 0, 0, 1, 4, 21
"c:\Users\Humam\OneDrive\Documents\Classified-db-v2\backend\src\ClassifiedAds.Application\DTOs\Ads\Vehicles\HeavyEquipment\BulldozerAdDto.cs", "C#", 0, 0, 10, 0, 0, 0, 0, 0, 1, 3, 14
"c:\Users\Humam\OneDrive\Documents\Classified-db-v2\backend\src\ClassifiedAds.Application\DTOs\Ads\Vehicles\HeavyEquipment\BusAdDto.cs", "C#", 0, 0, 8, 0, 0, 0, 0, 0, 1, 3, 12
"c:\Users\Humam\OneDrive\Documents\Classified-db-v2\backend\src\ClassifiedAds.Application\DTOs\Ads\Vehicles\HeavyEquipment\CraneAdDto.cs", "C#", 0, 0, 11, 0, 0, 0, 0, 0, 1, 3, 15
"c:\Users\Humam\OneDrive\Documents\Classified-db-v2\backend\src\ClassifiedAds.Application\DTOs\Ads\Vehicles\HeavyEquipment\ExcavatorAdDto.cs", "C#", 0, 0, 9, 0, 0, 0, 0, 0, 1, 3, 13
"c:\Users\Humam\OneDrive\Documents\Classified-db-v2\backend\src\ClassifiedAds.Application\DTOs\Ads\Vehicles\HeavyEquipment\HeavyEquipmentAdDto.cs", "C#", 0, 0, 9, 0, 0, 0, 0, 0, 1, 3, 13
"c:\Users\Humam\OneDrive\Documents\Classified-db-v2\backend\src\ClassifiedAds.Application\DTOs\Ads\Vehicles\MotorcycleAdDto.cs", "C#", 0, 0, 11, 0, 0, 0, 0, 0, 1, 4, 16
"c:\Users\Humam\OneDrive\Documents\Classified-db-v2\backend\src\ClassifiedAds.Application\DTOs\Ads\Vehicles\TransportAdDto.cs", "C#", 0, 0, 11, 0, 0, 0, 0, 0, 1, 4, 16
"c:\Users\Humam\OneDrive\Documents\Classified-db-v2\backend\src\ClassifiedAds.Application\DTOs\Ads\Vehicles\TruckAdDto.cs", "C#", 0, 0, 11, 0, 0, 0, 0, 0, 1, 3, 15
"c:\Users\Humam\OneDrive\Documents\Classified-db-v2\backend\src\ClassifiedAds.Application\DTOs\Common\LocationAdDto.cs", "C#", 0, 0, 9, 0, 0, 0, 0, 0, 4, 9, 22
"c:\Users\Humam\OneDrive\Documents\Classified-db-v2\backend\src\ClassifiedAds.Application\DTOs\Common\PriceDto.cs", "C#", 0, 0, 7, 0, 0, 0, 0, 0, 0, 6, 13
"c:\Users\Humam\OneDrive\Documents\Classified-db-v2\backend\src\ClassifiedAds.Application\DTOs\Users\CreateUserDto.cs", "C#", 0, 0, 14, 0, 0, 0, 0, 0, 0, 3, 17
"c:\Users\Humam\OneDrive\Documents\Classified-db-v2\backend\src\ClassifiedAds.Application\Interfaces\IAdService.cs", "C#", 0, 0, 9, 0, 0, 0, 0, 0, 0, 3, 12
"c:\Users\Humam\OneDrive\Documents\Classified-db-v2\backend\src\ClassifiedAds.Application\Interfaces\ICategoryService.cs", "C#", 0, 0, 7, 0, 0, 0, 0, 0, 9, 2, 18
"c:\Users\Humam\OneDrive\Documents\Classified-db-v2\backend\src\ClassifiedAds.Application\Interfaces\IImageService.cs", "C#", 0, 0, 17, 0, 0, 0, 0, 0, 19, 5, 41
"c:\Users\Humam\OneDrive\Documents\Classified-db-v2\backend\src\ClassifiedAds.Application\Interfaces\ILocationService.cs", "C#", 0, 0, 8, 0, 0, 0, 0, 0, 9, 3, 20
"c:\Users\Humam\OneDrive\Documents\Classified-db-v2\backend\src\ClassifiedAds.Application\Mappers\AdDtoMapper.cs", "C#", 0, 0, 75, 0, 0, 0, 0, 0, 7, 9, 91
"c:\Users\Humam\OneDrive\Documents\Classified-db-v2\backend\src\ClassifiedAds.Application\Mappers\Electronics\ComputerAdDtoMapper.cs", "C#", 0, 0, 167, 0, 0, 0, 0, 0, 0, 8, 175
"c:\Users\Humam\OneDrive\Documents\Classified-db-v2\backend\src\ClassifiedAds.Application\Mappers\Electronics\ElectronicAdDtoMapper.cs", "C#", 0, 0, 112, 0, 0, 0, 0, 0, 0, 8, 120
"c:\Users\Humam\OneDrive\Documents\Classified-db-v2\backend\src\ClassifiedAds.Application\Mappers\Electronics\HandheldDeviceAdDtoMapper.cs", "C#", 0, 0, 234, 0, 0, 0, 0, 0, 0, 8, 242
"c:\Users\Humam\OneDrive\Documents\Classified-db-v2\backend\src\ClassifiedAds.Application\Mappers\Electronics\LaptopAdDtoMapper.cs", "C#", 0, 0, 244, 0, 0, 0, 0, 0, 0, 8, 252
"c:\Users\Humam\OneDrive\Documents\Classified-db-v2\backend\src\ClassifiedAds.Application\Mappers\Electronics\TvMonitorAdDtoMapper.cs", "C#", 0, 0, 175, 0, 0, 0, 0, 0, 0, 8, 183
"c:\Users\Humam\OneDrive\Documents\Classified-db-v2\backend\src\ClassifiedAds.Application\Mappers\Electronics\VideoConsoleAdDtoMapper.cs", "C#", 0, 0, 139, 0, 0, 0, 0, 0, 0, 8, 147
"c:\Users\Humam\OneDrive\Documents\Classified-db-v2\backend\src\ClassifiedAds.Application\Mappers\Miscellaneous\BookAdDtoMapper.cs", "C#", 0, 0, 130, 0, 0, 0, 0, 0, 8, 11, 149
"c:\Users\Humam\OneDrive\Documents\Classified-db-v2\backend\src\ClassifiedAds.Application\Mappers\Miscellaneous\ClothAdDtoMapper.cs", "C#", 0, 0, 122, 0, 0, 0, 0, 0, 4, 8, 134
"c:\Users\Humam\OneDrive\Documents\Classified-db-v2\backend\src\ClassifiedAds.Application\Mappers\Miscellaneous\EngineOilAdDtoMapper.cs", "C#", 0, 0, 122, 0, 0, 0, 0, 0, 0, 8, 130
"c:\Users\Humam\OneDrive\Documents\Classified-db-v2\backend\src\ClassifiedAds.Application\Mappers\Miscellaneous\FurnitureAdDtoMapper.cs", "C#", 0, 0, 131, 0, 0, 0, 0, 0, 0, 8, 139
"c:\Users\Humam\OneDrive\Documents\Classified-db-v2\backend\src\ClassifiedAds.Application\Mappers\Miscellaneous\PlantAdDtoMapper.cs", "C#", 0, 0, 113, 0, 0, 0, 0, 0, 0, 8, 121
"c:\Users\Humam\OneDrive\Documents\Classified-db-v2\backend\src\ClassifiedAds.Application\Mappers\Miscellaneous\ShoeAdDtoMapper.cs", "C#", 0, 0, 112, 0, 0, 0, 0, 0, 0, 8, 120
"c:\Users\Humam\OneDrive\Documents\Classified-db-v2\backend\src\ClassifiedAds.Application\Mappers\Miscellaneous\TireWheelAdDtoMapper.cs", "C#", 0, 0, 121, 0, 0, 0, 0, 0, 0, 8, 129
"c:\Users\Humam\OneDrive\Documents\Classified-db-v2\backend\src\ClassifiedAds.Application\Mappers\Miscellaneous\VideoGameAdDtoMapper.cs", "C#", 0, 0, 113, 0, 0, 0, 0, 0, 4, 8, 125
"c:\Users\Humam\OneDrive\Documents\Classified-db-v2\backend\src\ClassifiedAds.Application\Mappers\RealEstate\ApartmentAdDtoMapper.cs", "C#", 0, 0, 148, 0, 0, 0, 0, 0, 0, 8, 156
"c:\Users\Humam\OneDrive\Documents\Classified-db-v2\backend\src\ClassifiedAds.Application\Mappers\RealEstate\ConstructionProjectAdDtoMapper.cs", "C#", 0, 0, 112, 0, 0, 0, 0, 0, 0, 8, 120
"c:\Users\Humam\OneDrive\Documents\Classified-db-v2\backend\src\ClassifiedAds.Application\Mappers\RealEstate\HouseAdDtoMapper.cs", "C#", 0, 0, 148, 0, 0, 0, 0, 0, 0, 8, 156
"c:\Users\Humam\OneDrive\Documents\Classified-db-v2\backend\src\ClassifiedAds.Application\Mappers\RealEstate\RealEstateAdDtoMapper.cs", "C#", 0, 0, 103, 0, 0, 0, 0, 0, 0, 8, 111
"c:\Users\Humam\OneDrive\Documents\Classified-db-v2\backend\src\ClassifiedAds.Application\Mappers\Vehicles\BoatAdDtoMapper.cs", "C#", 0, 0, 93, 0, 0, 0, 0, 0, 1, 8, 102
"c:\Users\Humam\OneDrive\Documents\Classified-db-v2\backend\src\ClassifiedAds.Application\Mappers\Vehicles\CarAdDtoMapper.cs", "C#", 0, 0, 212, 0, 0, 0, 0, 0, 1, 9, 222
"c:\Users\Humam\OneDrive\Documents\Classified-db-v2\backend\src\ClassifiedAds.Application\Mappers\Vehicles\HeavyEquipment\BulldozerAdDtoMapper.cs", "C#", 0, 0, 103, 0, 0, 0, 0, 0, 1, 8, 112
"c:\Users\Humam\OneDrive\Documents\Classified-db-v2\backend\src\ClassifiedAds.Application\Mappers\Vehicles\HeavyEquipment\BusAdDtoMapper.cs", "C#", 0, 0, 86, 0, 0, 0, 0, 0, 1, 8, 95
"c:\Users\Humam\OneDrive\Documents\Classified-db-v2\backend\src\ClassifiedAds.Application\Mappers\Vehicles\HeavyEquipment\CraneAdDtoMapper.cs", "C#", 0, 0, 99, 0, 0, 0, 0, 0, 1, 8, 108
"c:\Users\Humam\OneDrive\Documents\Classified-db-v2\backend\src\ClassifiedAds.Application\Mappers\Vehicles\HeavyEquipment\ExcavatorAdDtoMapper.cs", "C#", 0, 0, 91, 0, 0, 0, 0, 0, 1, 8, 100
"c:\Users\Humam\OneDrive\Documents\Classified-db-v2\backend\src\ClassifiedAds.Application\Mappers\Vehicles\HeavyEquipment\HeavyEquipmentAdDtoMapper.cs", "C#", 0, 0, 138, 0, 0, 0, 0, 0, 1, 9, 148
"c:\Users\Humam\OneDrive\Documents\Classified-db-v2\backend\src\ClassifiedAds.Application\Mappers\Vehicles\MotorcycleAdDtoMapper.cs", "C#", 0, 0, 168, 0, 0, 0, 0, 0, 1, 9, 178
"c:\Users\Humam\OneDrive\Documents\Classified-db-v2\backend\src\ClassifiedAds.Application\Mappers\Vehicles\TransportAdDtoMapper.cs", "C#", 0, 0, 138, 0, 0, 0, 0, 0, 1, 9, 148
"c:\Users\Humam\OneDrive\Documents\Classified-db-v2\backend\src\ClassifiedAds.Application\Mappers\Vehicles\TruckAdDtoMapper.cs", "C#", 0, 0, 128, 0, 0, 0, 0, 0, 1, 9, 138
"c:\Users\Humam\OneDrive\Documents\Classified-db-v2\backend\src\ClassifiedAds.Application\Services\AdService.cs", "C#", 0, 0, 449, 0, 0, 0, 0, 0, 31, 45, 525
"c:\Users\Humam\OneDrive\Documents\Classified-db-v2\backend\src\ClassifiedAds.Application\Services\CategoryDtoMapper.cs", "C#", 0, 0, 273, 0, 0, 0, 0, 0, 9, 24, 306
"c:\Users\Humam\OneDrive\Documents\Classified-db-v2\backend\src\ClassifiedAds.Application\Validators\Ads\AdDtoValidator.cs", "C#", 0, 0, 120, 0, 0, 0, 0, 0, 24, 27, 171
"c:\Users\Humam\OneDrive\Documents\Classified-db-v2\backend\src\ClassifiedAds.Application\Validators\Ads\Electronics\ComputerAdDtoValidator.cs", "C#", 0, 0, 77, 0, 0, 0, 0, 0, 1, 15, 93
"c:\Users\Humam\OneDrive\Documents\Classified-db-v2\backend\src\ClassifiedAds.Application\Validators\Ads\Electronics\ElectronicAdDtoValidator.cs", "C#", 0, 0, 38, 0, 0, 0, 0, 0, 1, 8, 47
"c:\Users\Humam\OneDrive\Documents\Classified-db-v2\backend\src\ClassifiedAds.Application\Validators\Ads\Electronics\HandheldDeviceAdDtoValidator.cs", "C#", 0, 0, 142, 0, 0, 0, 0, 0, 1, 27, 170
"c:\Users\Humam\OneDrive\Documents\Classified-db-v2\backend\src\ClassifiedAds.Application\Validators\Ads\Electronics\LaptopAdDtoValidator.cs", "C#", 0, 0, 158, 0, 0, 0, 0, 0, 1, 30, 189
"c:\Users\Humam\OneDrive\Documents\Classified-db-v2\backend\src\ClassifiedAds.Application\Validators\Ads\Electronics\TvMonitorAdDtoValidator.cs", "C#", 0, 0, 77, 0, 0, 0, 0, 0, 1, 15, 93
"c:\Users\Humam\OneDrive\Documents\Classified-db-v2\backend\src\ClassifiedAds.Application\Validators\Ads\Electronics\VideoConsoleAdDtoValidator.cs", "C#", 0, 0, 51, 0, 0, 0, 0, 0, 1, 10, 62
"c:\Users\Humam\OneDrive\Documents\Classified-db-v2\backend\src\ClassifiedAds.Application\Validators\Ads\Jobs\CvAdDtoValidator.cs", "C#", 0, 0, 59, 0, 0, 0, 0, 0, 17, 12, 88
"c:\Users\Humam\OneDrive\Documents\Classified-db-v2\backend\src\ClassifiedAds.Application\Validators\Ads\Jobs\ServiceAdDtoValidator.cs", "C#", 0, 0, 26, 0, 0, 0, 0, 0, 4, 6, 36
"c:\Users\Humam\OneDrive\Documents\Classified-db-v2\backend\src\ClassifiedAds.Application\Validators\Ads\Jobs\VacancyAdDtoValidator.cs", "C#", 0, 0, 27, 0, 0, 0, 0, 0, 6, 9, 42
"c:\Users\Humam\OneDrive\Documents\Classified-db-v2\backend\src\ClassifiedAds.Application\Validators\Ads\Miscellaneous\BookAdDtoValidator.cs", "C#", 0, 0, 40, 0, 0, 0, 0, 0, 6, 9, 55
"c:\Users\Humam\OneDrive\Documents\Classified-db-v2\backend\src\ClassifiedAds.Application\Validators\Ads\Miscellaneous\ClothAdDtoValidator.cs", "C#", 0, 0, 55, 0, 0, 0, 0, 0, 0, 11, 66
"c:\Users\Humam\OneDrive\Documents\Classified-db-v2\backend\src\ClassifiedAds.Application\Validators\Ads\Miscellaneous\EngineOilAdDtoValidator.cs", "C#", 0, 0, 50, 0, 0, 0, 0, 0, 0, 10, 60
"c:\Users\Humam\OneDrive\Documents\Classified-db-v2\backend\src\ClassifiedAds.Application\Validators\Ads\Miscellaneous\FurnitureAdDtoValidator.cs", "C#", 0, 0, 51, 0, 0, 0, 0, 0, 0, 10, 61
"c:\Users\Humam\OneDrive\Documents\Classified-db-v2\backend\src\ClassifiedAds.Application\Validators\Ads\Miscellaneous\PlantAdDtoValidator.cs", "C#", 0, 0, 39, 0, 0, 0, 0, 0, 0, 8, 47
"c:\Users\Humam\OneDrive\Documents\Classified-db-v2\backend\src\ClassifiedAds.Application\Validators\Ads\Miscellaneous\ShoeAdDtoValidator.cs", "C#", 0, 0, 39, 0, 0, 0, 0, 0, 0, 8, 47
"c:\Users\Humam\OneDrive\Documents\Classified-db-v2\backend\src\ClassifiedAds.Application\Validators\Ads\Miscellaneous\TireWheelAdDtoValidator.cs", "C#", 0, 0, 39, 0, 0, 0, 0, 0, 0, 8, 47
"c:\Users\Humam\OneDrive\Documents\Classified-db-v2\backend\src\ClassifiedAds.Application\Validators\Ads\Miscellaneous\VideoGameAdDtoValidator.cs", "C#", 0, 0, 38, 0, 0, 0, 0, 0, 1, 9, 48
"c:\Users\Humam\OneDrive\Documents\Classified-db-v2\backend\src\ClassifiedAds.Application\Validators\Ads\RealEstate\ApartmentAdDtoValidator.cs", "C#", 0, 0, 61, 0, 0, 0, 0, 0, 1, 12, 74
"c:\Users\Humam\OneDrive\Documents\Classified-db-v2\backend\src\ClassifiedAds.Application\Validators\Ads\RealEstate\ConstructionProjectAdDtoValidator.cs", "C#", 0, 0, 35, 0, 0, 0, 0, 0, 1, 7, 43
"c:\Users\Humam\OneDrive\Documents\Classified-db-v2\backend\src\ClassifiedAds.Application\Validators\Ads\RealEstate\HouseAdDtoValidator.cs", "C#", 0, 0, 61, 0, 0, 0, 0, 0, 1, 12, 74
"c:\Users\Humam\OneDrive\Documents\Classified-db-v2\backend\src\ClassifiedAds.Application\Validators\Ads\RealEstate\RealEstateAdDtoValidator.cs", "C#", 0, 0, 26, 0, 0, 0, 0, 0, 0, 6, 32
"c:\Users\Humam\OneDrive\Documents\Classified-db-v2\backend\src\ClassifiedAds.Application\Validators\Ads\Vehicles\BoatAdDtoValidator.cs", "C#", 0, 0, 34, 0, 0, 0, 0, 0, 0, 7, 41
"c:\Users\Humam\OneDrive\Documents\Classified-db-v2\backend\src\ClassifiedAds.Application\Validators\Ads\Vehicles\CarAdDtoValidator.cs", "C#", 0, 0, 76, 0, 0, 0, 0, 0, 1, 15, 92
"c:\Users\Humam\OneDrive\Documents\Classified-db-v2\backend\src\ClassifiedAds.Application\Validators\Ads\Vehicles\HeavyEquipment\BulldozerAdDtoValidator.cs", "C#", 0, 0, 42, 0, 0, 0, 0, 0, 0, 8, 50
"c:\Users\Humam\OneDrive\Documents\Classified-db-v2\backend\src\ClassifiedAds.Application\Validators\Ads\Vehicles\HeavyEquipment\BusAdDtoValidator.cs", "C#", 0, 0, 32, 0, 0, 0, 0, 0, 0, 6, 38
"c:\Users\Humam\OneDrive\Documents\Classified-db-v2\backend\src\ClassifiedAds.Application\Validators\Ads\Vehicles\HeavyEquipment\CraneAdDtoValidator.cs", "C#", 0, 0, 47, 0, 0, 0, 0, 0, 0, 9, 56
"c:\Users\Humam\OneDrive\Documents\Classified-db-v2\backend\src\ClassifiedAds.Application\Validators\Ads\Vehicles\HeavyEquipment\ExcavatorAdDtoValidator.cs", "C#", 0, 0, 37, 0, 0, 0, 0, 0, 0, 7, 44
"c:\Users\Humam\OneDrive\Documents\Classified-db-v2\backend\src\ClassifiedAds.Application\Validators\Ads\Vehicles\HeavyEquipment\HeavyEquipmentAdDtoValidator.cs", "C#", 0, 0, 35, 0, 0, 0, 0, 0, 0, 7, 42
"c:\Users\Humam\OneDrive\Documents\Classified-db-v2\backend\src\ClassifiedAds.Application\Validators\Ads\Vehicles\MotorcycleAdDtoValidator.cs", "C#", 0, 0, 45, 0, 0, 0, 0, 0, 1, 9, 55
"c:\Users\Humam\OneDrive\Documents\Classified-db-v2\backend\src\ClassifiedAds.Application\Validators\Ads\Vehicles\TransportAdDtoValidator.cs", "C#", 0, 0, 43, 0, 0, 0, 0, 0, 1, 9, 53
"c:\Users\Humam\OneDrive\Documents\Classified-db-v2\backend\src\ClassifiedAds.Application\Validators\Ads\Vehicles\TruckAdDtoValidator.cs", "C#", 0, 0, 44, 0, 0, 0, 0, 0, 0, 9, 53
"c:\Users\Humam\OneDrive\Documents\Classified-db-v2\backend\src\ClassifiedAds.Application\Validators\Common\EnumValidatorExtensions.cs", "C#", 0, 0, 26, 0, 0, 0, 0, 0, 3, 5, 34
"c:\Users\Humam\OneDrive\Documents\Classified-db-v2\backend\src\ClassifiedAds.Application\Validators\Common\LocationAdDtoValidator.cs", "C#", 0, 0, 57, 0, 0, 0, 0, 0, 5, 10, 72
"c:\Users\Humam\OneDrive\Documents\Classified-db-v2\backend\src\ClassifiedAds.Application\Validators\README_MULTILINGUAL_VALIDATION.md", "Markdown", 154, 0, 0, 0, 0, 0, 0, 0, 0, 37, 191
"c:\Users\Humam\OneDrive\Documents\Classified-db-v2\backend\src\ClassifiedAds.Application\Validators\Users\CreateUserDtoValidator.cs", "C#", 0, 0, 41, 0, 0, 0, 0, 0, 0, 12, 53
"c:\Users\Humam\OneDrive\Documents\Classified-db-v2\backend\src\ClassifiedAds.Application\bin\Debug\net9.0\ClassifiedAds.Application.deps.json", "JSON", 0, 0, 0, 522, 0, 0, 0, 0, 0, 0, 522
"c:\Users\Humam\OneDrive\Documents\Classified-db-v2\backend\src\ClassifiedAds.Application\obj\ClassifiedAds.Application.csproj.nuget.dgspec.json", "JSON", 0, 0, 0, 171, 0, 0, 0, 0, 0, 0, 171
"c:\Users\Humam\OneDrive\Documents\Classified-db-v2\backend\src\ClassifiedAds.Application\obj\ClassifiedAds.Application.csproj.nuget.g.props", "XML", 0, 0, 0, 0, 0, 0, 23, 0, 0, 0, 23
"c:\Users\Humam\OneDrive\Documents\Classified-db-v2\backend\src\ClassifiedAds.Application\obj\ClassifiedAds.Application.csproj.nuget.g.targets", "XML", 0, 0, 0, 0, 0, 0, 7, 0, 0, 0, 7
"c:\Users\Humam\OneDrive\Documents\Classified-db-v2\backend\src\ClassifiedAds.Application\obj\Debug\net9.0\.NETCoreApp,Version=v9.0.AssemblyAttributes.cs", "C#", 0, 0, 3, 0, 0, 0, 0, 0, 1, 1, 5
"c:\Users\Humam\OneDrive\Documents\Classified-db-v2\backend\src\ClassifiedAds.Application\obj\Debug\net9.0\ClassifiedAds.Application.AssemblyInfo.cs", "C#", 0, 0, 9, 0, 0, 0, 0, 0, 9, 5, 23
"c:\Users\Humam\OneDrive\Documents\Classified-db-v2\backend\src\ClassifiedAds.Application\obj\Debug\net9.0\ClassifiedAds.Application.GeneratedMSBuildEditorConfig.editorconfig", "Properties", 0, 0, 0, 0, 0, 0, 0, 15, 0, 1, 16
"c:\Users\Humam\OneDrive\Documents\Classified-db-v2\backend\src\ClassifiedAds.Application\obj\Debug\net9.0\ClassifiedAds.Application.GlobalUsings.g.cs", "C#", 0, 0, 7, 0, 0, 0, 0, 0, 1, 1, 9
"c:\Users\Humam\OneDrive\Documents\Classified-db-v2\backend\src\ClassifiedAds.Application\obj\Debug\net9.0\ClassifiedAds.Application.sourcelink.json", "JSON", 0, 0, 0, 1, 0, 0, 0, 0, 0, 0, 1
"c:\Users\Humam\OneDrive\Documents\Classified-db-v2\backend\src\ClassifiedAds.Application\obj\Release\net9.0\.NETCoreApp,Version=v9.0.AssemblyAttributes.cs", "C#", 0, 0, 3, 0, 0, 0, 0, 0, 1, 1, 5
"c:\Users\Humam\OneDrive\Documents\Classified-db-v2\backend\src\ClassifiedAds.Application\obj\Release\net9.0\ClassifiedAds.Application.AssemblyInfo.cs", "C#", 0, 0, 9, 0, 0, 0, 0, 0, 10, 5, 24
"c:\Users\Humam\OneDrive\Documents\Classified-db-v2\backend\src\ClassifiedAds.Application\obj\Release\net9.0\ClassifiedAds.Application.GeneratedMSBuildEditorConfig.editorconfig", "Properties", 0, 0, 0, 0, 0, 0, 0, 15, 0, 1, 16
"c:\Users\Humam\OneDrive\Documents\Classified-db-v2\backend\src\ClassifiedAds.Application\obj\Release\net9.0\ClassifiedAds.Application.GlobalUsings.g.cs", "C#", 0, 0, 7, 0, 0, 0, 0, 0, 1, 1, 9
"c:\Users\Humam\OneDrive\Documents\Classified-db-v2\backend\src\ClassifiedAds.Application\obj\project.assets.json", "JSON", 0, 0, 0, 1463, 0, 0, 0, 0, 0, 0, 1463
"c:\Users\Humam\OneDrive\Documents\Classified-db-v2\backend\src\ClassifiedAds.Domain\ClassifiedAds.Domain.csproj", "XML", 0, 0, 0, 0, 0, 0, 11, 0, 0, 4, 15
"c:\Users\Humam\OneDrive\Documents\Classified-db-v2\backend\src\ClassifiedAds.Domain\Common\Attributes\GetUnitsAttribute.cs", "C#", 0, 0, 7, 0, 0, 0, 0, 0, 0, 3, 10
"c:\Users\Humam\OneDrive\Documents\Classified-db-v2\backend\src\ClassifiedAds.Domain\Common\Attributes\QueryKeyAttribute.cs", "C#", 0, 0, 7, 0, 0, 0, 0, 0, 0, 2, 9
"c:\Users\Humam\OneDrive\Documents\Classified-db-v2\backend\src\ClassifiedAds.Domain\Common\Attributes\QueryValueAttribute.cs", "C#", 0, 0, 7, 0, 0, 0, 0, 0, 0, 2, 9
"c:\Users\Humam\OneDrive\Documents\Classified-db-v2\backend\src\ClassifiedAds.Domain\Common\Enums\Status.cs", "C#", 0, 0, 8, 0, 0, 0, 0, 0, 0, 3, 11
"c:\Users\Humam\OneDrive\Documents\Classified-db-v2\backend\src\ClassifiedAds.Domain\Common\Enums\Units.cs", "C#", 0, 0, 28, 0, 0, 0, 0, 0, 0, 14, 42
"c:\Users\Humam\OneDrive\Documents\Classified-db-v2\backend\src\ClassifiedAds.Domain\Common\Enums\YesNo.cs", "C#", 0, 0, 9, 0, 0, 0, 0, 0, 0, 4, 13
"c:\Users\Humam\OneDrive\Documents\Classified-db-v2\backend\src\ClassifiedAds.Domain\Common\ValueObjects\AdImage.cs", "C#", 0, 0, 11, 0, 0, 0, 0, 0, 0, 3, 14
"c:\Users\Humam\OneDrive\Documents\Classified-db-v2\backend\src\ClassifiedAds.Domain\Common\ValueObjects\Category.cs", "C#", 0, 0, 6, 0, 0, 0, 0, 0, 0, 2, 8
"c:\Users\Humam\OneDrive\Documents\Classified-db-v2\backend\src\ClassifiedAds.Domain\Common\ValueObjects\LocationAd.cs", "C#", 0, 0, 8, 0, 0, 0, 0, 0, 20, 5, 33
"c:\Users\Humam\OneDrive\Documents\Classified-db-v2\backend\src\ClassifiedAds.Domain\Common\ValueObjects\Price.cs", "C#", 0, 0, 7, 0, 0, 0, 0, 0, 4, 5, 16
"c:\Users\Humam\OneDrive\Documents\Classified-db-v2\backend\src\ClassifiedAds.Domain\Entities\Ads\Ad.cs", "C#", 0, 0, 59, 0, 0, 0, 0, 0, 0, 3, 62
"c:\Users\Humam\OneDrive\Documents\Classified-db-v2\backend\src\ClassifiedAds.Domain\Entities\Ads\Electronics\Computer.cs", "C#", 0, 0, 15, 0, 0, 0, 0, 0, 0, 3, 18
"c:\Users\Humam\OneDrive\Documents\Classified-db-v2\backend\src\ClassifiedAds.Domain\Entities\Ads\Electronics\Electronic.cs", "C#", 0, 0, 9, 0, 0, 0, 0, 0, 0, 3, 12
"c:\Users\Humam\OneDrive\Documents\Classified-db-v2\backend\src\ClassifiedAds.Domain\Entities\Ads\Electronics\Enums\Color.cs", "C#", 0, 0, 26, 0, 0, 0, 0, 0, 0, 12, 38
"c:\Users\Humam\OneDrive\Documents\Classified-db-v2\backend\src\ClassifiedAds.Domain\Entities\Ads\Electronics\Enums\RamSize.cs", "C#", 0, 0, 12, 0, 0, 0, 0, 0, 0, 7, 19
"c:\Users\Humam\OneDrive\Documents\Classified-db-v2\backend\src\ClassifiedAds.Domain\Entities\Ads\Electronics\Enums\RefreshRate.cs", "C#", 0, 0, 20, 0, 0, 0, 0, 0, 0, 14, 34
"c:\Users\Humam\OneDrive\Documents\Classified-db-v2\backend\src\ClassifiedAds.Domain\Entities\Ads\Electronics\Enums\Region.cs", "C#", 0, 0, 16, 0, 0, 0, 0, 0, 0, 7, 23
"c:\Users\Humam\OneDrive\Documents\Classified-db-v2\backend\src\ClassifiedAds.Domain\Entities\Ads\Electronics\Enums\ScreenResolution.cs", "C#", 0, 0, 16, 0, 0, 0, 0, 0, 0, 6, 22
"c:\Users\Humam\OneDrive\Documents\Classified-db-v2\backend\src\ClassifiedAds.Domain\Entities\Ads\Electronics\Enums\StorageCapacity.cs", "C#", 0, 0, 15, 0, 0, 0, 0, 0, 0, 10, 25
"c:\Users\Humam\OneDrive\Documents\Classified-db-v2\backend\src\ClassifiedAds.Domain\Entities\Ads\Electronics\Enums\WebcamResolution.cs", "C#", 0, 0, 20, 0, 0, 0, 0, 0, 0, 9, 29
"c:\Users\Humam\OneDrive\Documents\Classified-db-v2\backend\src\ClassifiedAds.Domain\Entities\Ads\Electronics\HandheldDevice.cs", "C#", 0, 0, 22, 0, 0, 0, 0, 0, 0, 3, 25
"c:\Users\Humam\OneDrive\Documents\Classified-db-v2\backend\src\ClassifiedAds.Domain\Entities\Ads\Electronics\Laptop.cs", "C#", 0, 0, 24, 0, 0, 0, 0, 0, 0, 3, 27
"c:\Users\Humam\OneDrive\Documents\Classified-db-v2\backend\src\ClassifiedAds.Domain\Entities\Ads\Electronics\TvMonitor.cs", "C#", 0, 0, 15, 0, 0, 0, 0, 0, 0, 3, 18
"c:\Users\Humam\OneDrive\Documents\Classified-db-v2\backend\src\ClassifiedAds.Domain\Entities\Ads\Electronics\VideoConsole.cs", "C#", 0, 0, 10, 0, 0, 0, 0, 0, 0, 3, 13
"c:\Users\Humam\OneDrive\Documents\Classified-db-v2\backend\src\ClassifiedAds.Domain\Entities\Ads\JobsServices\Cv.cs", "C#", 0, 0, 18, 0, 0, 0, 0, 0, 0, 3, 21
"c:\Users\Humam\OneDrive\Documents\Classified-db-v2\backend\src\ClassifiedAds.Domain\Entities\Ads\JobsServices\Enums\DayWeek.cs", "C#", 0, 0, 24, 0, 0, 0, 0, 0, 0, 11, 35
"c:\Users\Humam\OneDrive\Documents\Classified-db-v2\backend\src\ClassifiedAds.Domain\Entities\Ads\JobsServices\Enums\EducationDegree.cs", "C#", 0, 0, 18, 0, 0, 0, 0, 0, 0, 8, 26
"c:\Users\Humam\OneDrive\Documents\Classified-db-v2\backend\src\ClassifiedAds.Domain\Entities\Ads\JobsServices\Enums\EducationLevel.cs", "C#", 0, 0, 18, 0, 0, 0, 0, 0, 0, 8, 26
"c:\Users\Humam\OneDrive\Documents\Classified-db-v2\backend\src\ClassifiedAds.Domain\Entities\Ads\JobsServices\Enums\FieldOfStudy.cs", "C#", 0, 0, 18, 0, 0, 0, 0, 0, 0, 8, 26
"c:\Users\Humam\OneDrive\Documents\Classified-db-v2\backend\src\ClassifiedAds.Domain\Entities\Ads\JobsServices\Enums\Gender.cs", "C#", 0, 0, 10, 0, 0, 0, 0, 0, 0, 4, 14
"c:\Users\Humam\OneDrive\Documents\Classified-db-v2\backend\src\ClassifiedAds.Domain\Entities\Ads\JobsServices\Enums\JobSearchStatus.cs", "C#", 0, 0, 12, 0, 0, 0, 0, 0, 0, 5, 17
"c:\Users\Humam\OneDrive\Documents\Classified-db-v2\backend\src\ClassifiedAds.Domain\Entities\Ads\JobsServices\Enums\JobType.cs", "C#", 0, 0, 16, 0, 0, 0, 0, 0, 0, 7, 23
"c:\Users\Humam\OneDrive\Documents\Classified-db-v2\backend\src\ClassifiedAds.Domain\Entities\Ads\JobsServices\Enums\LanguageProficiency.cs", "C#", 0, 0, 16, 0, 0, 0, 0, 0, 0, 7, 23
"c:\Users\Humam\OneDrive\Documents\Classified-db-v2\backend\src\ClassifiedAds.Domain\Entities\Ads\JobsServices\Enums\PaymentPeriod.cs", "C#", 0, 0, 24, 0, 0, 0, 0, 0, 0, 11, 35
"c:\Users\Humam\OneDrive\Documents\Classified-db-v2\backend\src\ClassifiedAds.Domain\Entities\Ads\JobsServices\Enums\WorkingHours.cs", "C#", 0, 0, 14, 0, 0, 0, 0, 0, 0, 6, 20
"c:\Users\Humam\OneDrive\Documents\Classified-db-v2\backend\src\ClassifiedAds.Domain\Entities\Ads\JobsServices\Service.cs", "C#", 0, 0, 10, 0, 0, 0, 0, 0, 0, 4, 14
"c:\Users\Humam\OneDrive\Documents\Classified-db-v2\backend\src\ClassifiedAds.Domain\Entities\Ads\JobsServices\Vacancy.cs", "C#", 0, 0, 13, 0, 0, 0, 0, 0, 0, 3, 16
"c:\Users\Humam\OneDrive\Documents\Classified-db-v2\backend\src\ClassifiedAds.Domain\Entities\Ads\JobsServices\ValueObjects\DailyAvailability.cs", "C#", 0, 0, 12, 0, 0, 0, 0, 0, 0, 3, 15
"c:\Users\Humam\OneDrive\Documents\Classified-db-v2\backend\src\ClassifiedAds.Domain\Entities\Ads\JobsServices\ValueObjects\Education.cs", "C#", 0, 0, 12, 0, 0, 0, 0, 0, 0, 3, 15
"c:\Users\Humam\OneDrive\Documents\Classified-db-v2\backend\src\ClassifiedAds.Domain\Entities\Ads\JobsServices\ValueObjects\Experience.cs", "C#", 0, 0, 10, 0, 0, 0, 0, 0, 0, 3, 13
"c:\Users\Humam\OneDrive\Documents\Classified-db-v2\backend\src\ClassifiedAds.Domain\Entities\Ads\JobsServices\ValueObjects\Language.cs", "C#", 0, 0, 9, 0, 0, 0, 0, 0, 0, 3, 12
"c:\Users\Humam\OneDrive\Documents\Classified-db-v2\backend\src\ClassifiedAds.Domain\Entities\Ads\JobsServices\ValueObjects\TimeSlot.cs", "C#", 0, 0, 8, 0, 0, 0, 0, 0, 0, 3, 11
"c:\Users\Humam\OneDrive\Documents\Classified-db-v2\backend\src\ClassifiedAds.Domain\Entities\Ads\Miscellaneous\Book.cs", "C#", 0, 0, 9, 0, 0, 0, 0, 0, 0, 3, 12
"c:\Users\Humam\OneDrive\Documents\Classified-db-v2\backend\src\ClassifiedAds.Domain\Entities\Ads\Miscellaneous\Cloth.cs", "C#", 0, 0, 10, 0, 0, 0, 0, 0, 0, 3, 13
"c:\Users\Humam\OneDrive\Documents\Classified-db-v2\backend\src\ClassifiedAds.Domain\Entities\Ads\Miscellaneous\EngineOil.cs", "C#", 0, 0, 10, 0, 0, 0, 0, 0, 0, 3, 13
"c:\Users\Humam\OneDrive\Documents\Classified-db-v2\backend\src\ClassifiedAds.Domain\Entities\Ads\Miscellaneous\Enums\BookLanguage.cs", "C#", 0, 0, 18, 0, 0, 0, 0, 0, 0, 8, 26
"c:\Users\Humam\OneDrive\Documents\Classified-db-v2\backend\src\ClassifiedAds.Domain\Entities\Ads\Miscellaneous\Enums\ClothCondition.cs", "C#", 0, 0, 10, 0, 0, 0, 0, 0, 0, 4, 14
"c:\Users\Humam\OneDrive\Documents\Classified-db-v2\backend\src\ClassifiedAds.Domain\Entities\Ads\Miscellaneous\Enums\ClothingSize.cs", "C#", 0, 0, 13, 0, 0, 0, 0, 0, 0, 9, 22
"c:\Users\Humam\OneDrive\Documents\Classified-db-v2\backend\src\ClassifiedAds.Domain\Entities\Ads\Miscellaneous\Enums\FurnitureMaterial.cs", "C#", 0, 0, 20, 0, 0, 0, 0, 0, 0, 9, 29
"c:\Users\Humam\OneDrive\Documents\Classified-db-v2\backend\src\ClassifiedAds.Domain\Entities\Ads\Miscellaneous\Enums\OilType.cs", "C#", 0, 0, 26, 0, 0, 0, 0, 0, 0, 12, 38
"c:\Users\Humam\OneDrive\Documents\Classified-db-v2\backend\src\ClassifiedAds.Domain\Entities\Ads\Miscellaneous\Enums\PlantType.cs", "C#", 0, 0, 10, 0, 0, 0, 0, 0, 0, 4, 14
"c:\Users\Humam\OneDrive\Documents\Classified-db-v2\backend\src\ClassifiedAds.Domain\Entities\Ads\Miscellaneous\Enums\Season.cs", "C#", 0, 0, 10, 0, 0, 0, 0, 0, 0, 4, 14
"c:\Users\Humam\OneDrive\Documents\Classified-db-v2\backend\src\ClassifiedAds.Domain\Entities\Ads\Miscellaneous\Enums\Viscosity.cs", "C#", 0, 0, 46, 0, 0, 0, 0, 0, 0, 21, 67
"c:\Users\Humam\OneDrive\Documents\Classified-db-v2\backend\src\ClassifiedAds.Domain\Entities\Ads\Miscellaneous\Furniture.cs", "C#", 0, 0, 11, 0, 0, 0, 0, 0, 0, 3, 14
"c:\Users\Humam\OneDrive\Documents\Classified-db-v2\backend\src\ClassifiedAds.Domain\Entities\Ads\Miscellaneous\Plant.cs", "C#", 0, 0, 9, 0, 0, 0, 0, 0, 0, 3, 12
"c:\Users\Humam\OneDrive\Documents\Classified-db-v2\backend\src\ClassifiedAds.Domain\Entities\Ads\Miscellaneous\Shoe.cs", "C#", 0, 0, 9, 0, 0, 0, 0, 0, 0, 3, 12
"c:\Users\Humam\OneDrive\Documents\Classified-db-v2\backend\src\ClassifiedAds.Domain\Entities\Ads\Miscellaneous\TireWheel.cs", "C#", 0, 0, 9, 0, 0, 0, 0, 0, 0, 3, 12
"c:\Users\Humam\OneDrive\Documents\Classified-db-v2\backend\src\ClassifiedAds.Domain\Entities\Ads\Miscellaneous\VideoGame.cs", "C#", 0, 0, 9, 0, 0, 0, 0, 0, 0, 3, 12
"c:\Users\Humam\OneDrive\Documents\Classified-db-v2\backend\src\ClassifiedAds.Domain\Entities\Ads\RealEstate\Apartment.cs", "C#", 0, 0, 12, 0, 0, 0, 0, 0, 0, 3, 15
"c:\Users\Humam\OneDrive\Documents\Classified-db-v2\backend\src\ClassifiedAds.Domain\Entities\Ads\RealEstate\ConstructionProject.cs", "C#", 0, 0, 8, 0, 0, 0, 0, 0, 0, 3, 11
"c:\Users\Humam\OneDrive\Documents\Classified-db-v2\backend\src\ClassifiedAds.Domain\Entities\Ads\RealEstate\Enums\CompletionStatus.cs", "C#", 0, 0, 12, 0, 0, 0, 0, 0, 0, 5, 17
"c:\Users\Humam\OneDrive\Documents\Classified-db-v2\backend\src\ClassifiedAds.Domain\Entities\Ads\RealEstate\House.cs", "C#", 0, 0, 12, 0, 0, 0, 0, 0, 0, 3, 15
"c:\Users\Humam\OneDrive\Documents\Classified-db-v2\backend\src\ClassifiedAds.Domain\Entities\Ads\RealEstate\RealEstate.cs", "C#", 0, 0, 7, 0, 0, 0, 0, 0, 0, 4, 11
"c:\Users\Humam\OneDrive\Documents\Classified-db-v2\backend\src\ClassifiedAds.Domain\Entities\Ads\Vehicles\Boat.cs", "C#", 0, 0, 8, 0, 0, 0, 0, 0, 0, 3, 11
"c:\Users\Humam\OneDrive\Documents\Classified-db-v2\backend\src\ClassifiedAds.Domain\Entities\Ads\Vehicles\Car.cs", "C#", 0, 0, 15, 0, 0, 0, 0, 0, 0, 3, 18
"c:\Users\Humam\OneDrive\Documents\Classified-db-v2\backend\src\ClassifiedAds.Domain\Entities\Ads\Vehicles\Enums\CarDriveType.cs", "C#", 0, 0, 12, 0, 0, 0, 0, 0, 0, 5, 17
"c:\Users\Humam\OneDrive\Documents\Classified-db-v2\backend\src\ClassifiedAds.Domain\Entities\Ads\Vehicles\Enums\FuelType.cs", "C#", 0, 0, 18, 0, 0, 0, 0, 0, 0, 8, 26
"c:\Users\Humam\OneDrive\Documents\Classified-db-v2\backend\src\ClassifiedAds.Domain\Entities\Ads\Vehicles\Enums\MotorcycleDriveType.cs", "C#", 0, 0, 14, 0, 0, 0, 0, 0, 0, 6, 20
"c:\Users\Humam\OneDrive\Documents\Classified-db-v2\backend\src\ClassifiedAds.Domain\Entities\Ads\Vehicles\Enums\Transmission.cs", "C#", 0, 0, 12, 0, 0, 0, 0, 0, 0, 5, 17
"c:\Users\Humam\OneDrive\Documents\Classified-db-v2\backend\src\ClassifiedAds.Domain\Entities\Ads\Vehicles\HeavyEquipment\Bulldozer.cs", "C#", 0, 0, 9, 0, 0, 0, 0, 0, 0, 3, 12
"c:\Users\Humam\OneDrive\Documents\Classified-db-v2\backend\src\ClassifiedAds.Domain\Entities\Ads\Vehicles\HeavyEquipment\Bus.cs", "C#", 0, 0, 7, 0, 0, 0, 0, 0, 0, 3, 10
"c:\Users\Humam\OneDrive\Documents\Classified-db-v2\backend\src\ClassifiedAds.Domain\Entities\Ads\Vehicles\HeavyEquipment\Crane.cs", "C#", 0, 0, 10, 0, 0, 0, 0, 0, 0, 3, 13
"c:\Users\Humam\OneDrive\Documents\Classified-db-v2\backend\src\ClassifiedAds.Domain\Entities\Ads\Vehicles\HeavyEquipment\Excavator.cs", "C#", 0, 0, 8, 0, 0, 0, 0, 0, 0, 3, 11
"c:\Users\Humam\OneDrive\Documents\Classified-db-v2\backend\src\ClassifiedAds.Domain\Entities\Ads\Vehicles\HeavyEquipment\HeavyEquipment.cs", "C#", 0, 0, 8, 0, 0, 0, 0, 0, 0, 3, 11
"c:\Users\Humam\OneDrive\Documents\Classified-db-v2\backend\src\ClassifiedAds.Domain\Entities\Ads\Vehicles\Motorcycle.cs", "C#", 0, 0, 10, 0, 0, 0, 0, 0, 0, 3, 13
"c:\Users\Humam\OneDrive\Documents\Classified-db-v2\backend\src\ClassifiedAds.Domain\Entities\Ads\Vehicles\Transport.cs", "C#", 0, 0, 10, 0, 0, 0, 0, 0, 0, 3, 13
"c:\Users\Humam\OneDrive\Documents\Classified-db-v2\backend\src\ClassifiedAds.Domain\Entities\Ads\Vehicles\Truck.cs", "C#", 0, 0, 10, 0, 0, 0, 0, 0, 0, 3, 13
"c:\Users\Humam\OneDrive\Documents\Classified-db-v2\backend\src\ClassifiedAds.Domain\Entities\Chat\Conversation.cs", "C#", 0, 0, 18, 0, 0, 0, 0, 0, 0, 3, 21
"c:\Users\Humam\OneDrive\Documents\Classified-db-v2\backend\src\ClassifiedAds.Domain\Entities\Chat\Enums\ContentType.cs", "C#", 0, 0, 7, 0, 0, 0, 0, 0, 0, 2, 9
"c:\Users\Humam\OneDrive\Documents\Classified-db-v2\backend\src\ClassifiedAds.Domain\Entities\Chat\Enums\ConversationStatus.cs", "C#", 0, 0, 7, 0, 0, 0, 0, 0, 0, 2, 9
"c:\Users\Humam\OneDrive\Documents\Classified-db-v2\backend\src\ClassifiedAds.Domain\Entities\Chat\Message.cs", "C#", 0, 0, 14, 0, 0, 0, 0, 0, 0, 3, 17
"c:\Users\Humam\OneDrive\Documents\Classified-db-v2\backend\src\ClassifiedAds.Domain\Entities\Chat\ValueObjects\LastMessage.cs", "C#", 0, 0, 7, 0, 0, 0, 0, 0, 0, 2, 9
"c:\Users\Humam\OneDrive\Documents\Classified-db-v2\backend\src\ClassifiedAds.Domain\Entities\Chat\ValueObjects\ParticipantInfo.cs", "C#", 0, 0, 7, 0, 0, 0, 0, 0, 0, 2, 9
"c:\Users\Humam\OneDrive\Documents\Classified-db-v2\backend\src\ClassifiedAds.Domain\Entities\Chat\ValueObjects\RelatedAd.cs", "C#", 0, 0, 9, 0, 0, 0, 0, 0, 0, 3, 12
"c:\Users\Humam\OneDrive\Documents\Classified-db-v2\backend\src\ClassifiedAds.Domain\Entities\PostgreSQL\BrandModel.cs", "C#", 0, 0, 21, 0, 0, 0, 0, 0, 0, 3, 24
"c:\Users\Humam\OneDrive\Documents\Classified-db-v2\backend\src\ClassifiedAds.Domain\Entities\PostgreSQL\BugReport.cs", "C#", 0, 0, 12, 0, 0, 0, 0, 0, 0, 4, 16
"c:\Users\Humam\OneDrive\Documents\Classified-db-v2\backend\src\ClassifiedAds.Domain\Entities\PostgreSQL\Category.cs", "C#", 0, 0, 17, 0, 0, 0, 0, 0, 0, 3, 20
"c:\Users\Humam\OneDrive\Documents\Classified-db-v2\backend\src\ClassifiedAds.Domain\Entities\PostgreSQL\Enums\BugReportStatus.cs", "C#", 0, 0, 8, 0, 0, 0, 0, 0, 0, 2, 10
"c:\Users\Humam\OneDrive\Documents\Classified-db-v2\backend\src\ClassifiedAds.Domain\Entities\PostgreSQL\Enums\LocationSource.cs", "C#", 0, 0, 7, 0, 0, 0, 0, 0, 0, 2, 9
"c:\Users\Humam\OneDrive\Documents\Classified-db-v2\backend\src\ClassifiedAds.Domain\Entities\PostgreSQL\Enums\UserReportReasonType.cs", "C#", 0, 0, 10, 0, 0, 0, 0, 0, 0, 2, 12
"c:\Users\Humam\OneDrive\Documents\Classified-db-v2\backend\src\ClassifiedAds.Domain\Entities\PostgreSQL\Enums\UserReportStatus.cs", "C#", 0, 0, 7, 0, 0, 0, 0, 0, 0, 2, 9
"c:\Users\Humam\OneDrive\Documents\Classified-db-v2\backend\src\ClassifiedAds.Domain\Entities\PostgreSQL\Location.cs", "C#", 0, 0, 13, 0, 0, 0, 0, 0, 0, 3, 16
"c:\Users\Humam\OneDrive\Documents\Classified-db-v2\backend\src\ClassifiedAds.Domain\Entities\PostgreSQL\ModelRelease.cs", "C#", 0, 0, 10, 0, 0, 0, 0, 0, 0, 3, 13
"c:\Users\Humam\OneDrive\Documents\Classified-db-v2\backend\src\ClassifiedAds.Domain\Entities\PostgreSQL\User.cs", "C#", 0, 0, 28, 0, 0, 0, 0, 0, 0, 4, 32
"c:\Users\Humam\OneDrive\Documents\Classified-db-v2\backend\src\ClassifiedAds.Domain\Entities\PostgreSQL\UserReport.cs", "C#", 0, 0, 14, 0, 0, 0, 0, 0, 0, 4, 18
"c:\Users\Humam\OneDrive\Documents\Classified-db-v2\backend\src\ClassifiedAds.Domain\Entities\PostgreSQL\UserReview.cs", "C#", 0, 0, 12, 0, 0, 0, 0, 0, 0, 3, 15
"c:\Users\Humam\OneDrive\Documents\Classified-db-v2\backend\src\ClassifiedAds.Domain\bin\Debug\net9.0\ClassifiedAds.Domain.deps.json", "JSON", 0, 0, 0, 251, 0, 0, 0, 0, 0, 0, 251
"c:\Users\Humam\OneDrive\Documents\Classified-db-v2\backend\src\ClassifiedAds.Domain\obj\ClassifiedAds.Domain.csproj.nuget.dgspec.json", "JSON", 0, 0, 0, 84, 0, 0, 0, 0, 0, 0, 84
"c:\Users\Humam\OneDrive\Documents\Classified-db-v2\backend\src\ClassifiedAds.Domain\obj\ClassifiedAds.Domain.csproj.nuget.g.props", "XML", 0, 0, 0, 0, 0, 0, 19, 0, 0, 0, 19
"c:\Users\Humam\OneDrive\Documents\Classified-db-v2\backend\src\ClassifiedAds.Domain\obj\ClassifiedAds.Domain.csproj.nuget.g.targets", "XML", 0, 0, 0, 0, 0, 0, 7, 0, 0, 0, 7
"c:\Users\Humam\OneDrive\Documents\Classified-db-v2\backend\src\ClassifiedAds.Domain\obj\Debug\net9.0\.NETCoreApp,Version=v9.0.AssemblyAttributes.cs", "C#", 0, 0, 3, 0, 0, 0, 0, 0, 1, 1, 5
"c:\Users\Humam\OneDrive\Documents\Classified-db-v2\backend\src\ClassifiedAds.Domain\obj\Debug\net9.0\ClassifiedAds.Domain.AssemblyInfo.cs", "C#", 0, 0, 9, 0, 0, 0, 0, 0, 9, 5, 23
"c:\Users\Humam\OneDrive\Documents\Classified-db-v2\backend\src\ClassifiedAds.Domain\obj\Debug\net9.0\ClassifiedAds.Domain.GeneratedMSBuildEditorConfig.editorconfig", "Properties", 0, 0, 0, 0, 0, 0, 0, 15, 0, 1, 16
"c:\Users\Humam\OneDrive\Documents\Classified-db-v2\backend\src\ClassifiedAds.Domain\obj\Debug\net9.0\ClassifiedAds.Domain.GlobalUsings.g.cs", "C#", 0, 0, 7, 0, 0, 0, 0, 0, 1, 1, 9
"c:\Users\Humam\OneDrive\Documents\Classified-db-v2\backend\src\ClassifiedAds.Domain\obj\Debug\net9.0\ClassifiedAds.Domain.sourcelink.json", "JSON", 0, 0, 0, 1, 0, 0, 0, 0, 0, 0, 1
"c:\Users\Humam\OneDrive\Documents\Classified-db-v2\backend\src\ClassifiedAds.Domain\obj\Release\net9.0\.NETCoreApp,Version=v9.0.AssemblyAttributes.cs", "C#", 0, 0, 3, 0, 0, 0, 0, 0, 1, 1, 5
"c:\Users\Humam\OneDrive\Documents\Classified-db-v2\backend\src\ClassifiedAds.Domain\obj\Release\net9.0\ClassifiedAds.Domain.AssemblyInfo.cs", "C#", 0, 0, 9, 0, 0, 0, 0, 0, 10, 5, 24
"c:\Users\Humam\OneDrive\Documents\Classified-db-v2\backend\src\ClassifiedAds.Domain\obj\Release\net9.0\ClassifiedAds.Domain.GeneratedMSBuildEditorConfig.editorconfig", "Properties", 0, 0, 0, 0, 0, 0, 0, 15, 0, 1, 16
"c:\Users\Humam\OneDrive\Documents\Classified-db-v2\backend\src\ClassifiedAds.Domain\obj\Release\net9.0\ClassifiedAds.Domain.GlobalUsings.g.cs", "C#", 0, 0, 7, 0, 0, 0, 0, 0, 1, 1, 9
"c:\Users\Humam\OneDrive\Documents\Classified-db-v2\backend\src\ClassifiedAds.Domain\obj\project.assets.json", "JSON", 0, 0, 0, 734, 0, 0, 0, 0, 0, 0, 734
"c:\Users\Humam\OneDrive\Documents\Classified-db-v2\backend\src\ClassifiedAds.Infrastructure\ClassifiedAds.Infrastructure.csproj", "XML", 0, 0, 0, 0, 0, 0, 16, 0, 0, 5, 21
"c:\Users\Humam\OneDrive\Documents\Classified-db-v2\backend\src\ClassifiedAds.Infrastructure\Data\MongoDB\MongoDbConfiguration.cs", "C#", 0, 0, 45, 0, 0, 0, 0, 0, 2, 11, 58
"c:\Users\Humam\OneDrive\Documents\Classified-db-v2\backend\src\ClassifiedAds.Infrastructure\Data\MongoDB\MongoDbContext.cs", "C#", 0, 0, 16, 0, 0, 0, 0, 0, 2, 6, 24
"c:\Users\Humam\OneDrive\Documents\Classified-db-v2\backend\src\ClassifiedAds.Infrastructure\Data\MongoDB\README.md", "Markdown", 198, 0, 0, 0, 0, 0, 0, 0, 0, 55, 253
"c:\Users\Humam\OneDrive\Documents\Classified-db-v2\backend\src\ClassifiedAds.Infrastructure\Data\PostgreSQL\PostgresDbContext.cs", "C#", 0, 0, 198, 0, 0, 0, 0, 0, 16, 33, 247
"c:\Users\Humam\OneDrive\Documents\Classified-db-v2\backend\src\ClassifiedAds.Infrastructure\Data\PostgreSQL\README.md", "Markdown", 242, 0, 0, 0, 0, 0, 0, 0, 0, 72, 314
"c:\Users\Humam\OneDrive\Documents\Classified-db-v2\backend\src\ClassifiedAds.Infrastructure\DependencyInjection.cs", "C#", 0, 0, 45, 0, 0, 0, 0, 0, 4, 9, 58
"c:\Users\Humam\OneDrive\Documents\Classified-db-v2\backend\src\ClassifiedAds.Infrastructure\Services\CategoryService.cs", "C#", 0, 0, 54, 0, 0, 0, 0, 0, 15, 19, 88
"c:\Users\Humam\OneDrive\Documents\Classified-db-v2\backend\src\ClassifiedAds.Infrastructure\Services\ImageService.cs", "C#", 0, 0, 99, 0, 0, 0, 0, 0, 9, 20, 128
"c:\Users\Humam\OneDrive\Documents\Classified-db-v2\backend\src\ClassifiedAds.Infrastructure\Services\LocationService.cs", "C#", 0, 0, 64, 0, 0, 0, 0, 0, 13, 20, 97
"c:\Users\Humam\OneDrive\Documents\Classified-db-v2\backend\src\ClassifiedAds.Infrastructure\bin\Debug\net9.0\ClassifiedAds.Infrastructure.deps.json", "JSON", 0, 0, 0, 546, 0, 0, 0, 0, 0, 0, 546
"c:\Users\Humam\OneDrive\Documents\Classified-db-v2\backend\src\ClassifiedAds.Infrastructure\obj\ClassifiedAds.Infrastructure.csproj.nuget.dgspec.json", "JSON", 0, 0, 0, 258, 0, 0, 0, 0, 0, 0, 258
"c:\Users\Humam\OneDrive\Documents\Classified-db-v2\backend\src\ClassifiedAds.Infrastructure\obj\ClassifiedAds.Infrastructure.csproj.nuget.g.props", "XML", 0, 0, 0, 0, 0, 0, 20, 0, 0, 0, 20
"c:\Users\Humam\OneDrive\Documents\Classified-db-v2\backend\src\ClassifiedAds.Infrastructure\obj\ClassifiedAds.Infrastructure.csproj.nuget.g.targets", "XML", 0, 0, 0, 0, 0, 0, 7, 0, 0, 0, 7
"c:\Users\Humam\OneDrive\Documents\Classified-db-v2\backend\src\ClassifiedAds.Infrastructure\obj\Debug\net9.0\.NETCoreApp,Version=v9.0.AssemblyAttributes.cs", "C#", 0, 0, 3, 0, 0, 0, 0, 0, 1, 1, 5
"c:\Users\Humam\OneDrive\Documents\Classified-db-v2\backend\src\ClassifiedAds.Infrastructure\obj\Debug\net9.0\ClassifiedAds.Infrastructure.AssemblyInfo.cs", "C#", 0, 0, 9, 0, 0, 0, 0, 0, 9, 5, 23
"c:\Users\Humam\OneDrive\Documents\Classified-db-v2\backend\src\ClassifiedAds.Infrastructure\obj\Debug\net9.0\ClassifiedAds.Infrastructure.GeneratedMSBuildEditorConfig.editorconfig", "Properties", 0, 0, 0, 0, 0, 0, 0, 15, 0, 1, 16
"c:\Users\Humam\OneDrive\Documents\Classified-db-v2\backend\src\ClassifiedAds.Infrastructure\obj\Debug\net9.0\ClassifiedAds.Infrastructure.GlobalUsings.g.cs", "C#", 0, 0, 7, 0, 0, 0, 0, 0, 1, 1, 9
"c:\Users\Humam\OneDrive\Documents\Classified-db-v2\backend\src\ClassifiedAds.Infrastructure\obj\Debug\net9.0\ClassifiedAds.Infrastructure.sourcelink.json", "JSON", 0, 0, 0, 1, 0, 0, 0, 0, 0, 0, 1
"c:\Users\Humam\OneDrive\Documents\Classified-db-v2\backend\src\ClassifiedAds.Infrastructure\obj\Release\net9.0\.NETCoreApp,Version=v9.0.AssemblyAttributes.cs", "C#", 0, 0, 3, 0, 0, 0, 0, 0, 1, 1, 5
"c:\Users\Humam\OneDrive\Documents\Classified-db-v2\backend\src\ClassifiedAds.Infrastructure\obj\Release\net9.0\ClassifiedAds.Infrastructure.AssemblyInfo.cs", "C#", 0, 0, 9, 0, 0, 0, 0, 0, 10, 5, 24
"c:\Users\Humam\OneDrive\Documents\Classified-db-v2\backend\src\ClassifiedAds.Infrastructure\obj\Release\net9.0\ClassifiedAds.Infrastructure.GeneratedMSBuildEditorConfig.editorconfig", "Properties", 0, 0, 0, 0, 0, 0, 0, 15, 0, 1, 16
"c:\Users\Humam\OneDrive\Documents\Classified-db-v2\backend\src\ClassifiedAds.Infrastructure\obj\Release\net9.0\ClassifiedAds.Infrastructure.GlobalUsings.g.cs", "C#", 0, 0, 7, 0, 0, 0, 0, 0, 1, 1, 9
"c:\Users\Humam\OneDrive\Documents\Classified-db-v2\backend\src\ClassifiedAds.Infrastructure\obj\project.assets.json", "JSON", 0, 0, 0, 1507, 0, 0, 0, 0, 0, 0, 1507
"Total", "-", 2132, 2229, 9891, 10572, 363, 200, 257, 132, 2091, 2969, 30836